Timestamp,FREQ,PIP,PDP,AMPS,NOISE
2026-06-23 08:00:00,50.0,850.0,2400.0,46.0,طبيعي (Normal)
2026-06-23 08:05:00,50.5,840.0,2420.0,46.5,طبيعي (Normal)
2026-06-23 08:10:00,52.0,800.0,2500.0,48.0,طبيعي (Normal)
2026-06-23 08:15:00,55.0,750.0,2650.0,52.0,متوسط (Moderate)
2026-06-23 08:20:00,60.0,1100.0,1900.0,28.0,طبيعي (Normal)
2026-06-23 08:25:00,60.0,1150.0,1850.0,26.0,طبيعي (Normal)
2026-06-23 08:30:00,55.0,250.0,1300.0,22.0,طبيعي (Normal)
2026-06-23 08:35:00,45.0,600.0,2100.0,40.0,عالي جداً (Critical Fluctuation)
2026-06-23 08:40:00,66.0,700.0,2300.0,45.0,طبيعي (Normal)
2026-06-23 08:45:00,50.0,800.0,2400.0,45.0,طبيعي (Normal)
